2026-02-15	90	Penningmeester stuff
2026-02-14	60	NBC 
2026-02-14	120	NBC mediation 
2026-02-13	120	onderhoudsrapport klaar maken
2026-02-13	90	NBC gesprek
2026-02-13	60	Nbc mediation 
2026-02-12	75	Kasco x Penningmeester Meeting
2026-02-11	60		Uitkering payout
2026-02-11	120	Uitbetalingen en Administratie
2026-02-11	30	NBC meeting
2026-02-11	60	Voorbereiding nbc talk
2026-02-10	75	Uitkering payout
2026-02-10	120	Uitkering betalen
2026-02-09	120	bouwmaat boodschappen en zagen
2026-02-08	240	Eetcafe 
2026-02-08	60	ikea keuken order
2026-02-05	60	Administratie
2026-02-03	210	Uitkeringsspecificatie Genereren
2026-02-03	30	OHC: Enecomonteur kwam langs, pomp 46 kapot
2026-02-03	60	ikea 3D update
2026-02-02	90	OHC: Notulen overleg schrijven en oplevermail uitwerken en delen
2026-02-02	60	Nbc 
2026-02-02	90	NBC gesprek + prep
2026-02-02	60	visit ikea checkout cabinet fronts
2026-01-31	60	Bouwmarkt bezoek voor badkamer
2026-01-31	300	klussen: voorbereiden en voegen schoonmaken metselwerk bovendouche Kenau
2026-01-31	75	NBC meeting
2026-01-30	30	Bellen met Eneco
2026-01-30	120	Onderhoudscommissiev ergadering
2026-01-30	60	OHC vergadering
2026-01-30	30	ohc: rookmelders onderzoek
2026-01-30	120	onderhoudscomissie vergadering
2026-01-30	90	Onderhoudcomissie vergadering
2026-01-29	75	NBC check in
2026-01-29	120	bestuur: jaarverslag & taken voorzitter
2026-01-28	-240	vier terug naar esmee 
2026-01-28	240	4 terug van Ben 
2026-01-28	-660	teru naar Judit
2026-01-28	660	Uren teru van Esmee
2026-01-26	-660	Uuren terug Julius
2026-01-26	-660	Uuren terug Clara
2026-01-26	1320	Uuren terug Clara (correctie)
2026-01-26	300	Heel veel administratie
2026-01-25	120	UOT: Overleg met Julius over hoogte uitkering
2026-01-25	45	Gesprek met Jannes over inhoud KasCo
2026-01-25	75	NBC meeting
2026-01-25	60	NBC check-in
2026-01-25	75	Nbc
2026-01-25	90	NBC meeting
2026-01-25	90	NBC
2026-01-25	45	Gesprek met Ellie over inhoud KasCo
2026-01-18	135	Rekeningbeheerder veranderen, alecs bestuurslid maken, bureau spullen kopen, formulieren tracken
2026-01-18	240	uitkering: voorbereiding ALB/ALV
2026-01-18	60	Ritje Gamma & voorbereidend werk kitten muurplinten
2026-01-17	60	Opruimen na eetcafe (tour de chambre)
2026-01-17	30	Social: Tour de Chambre voorbereiden
2026-01-15	90	Groen: Overleg met gemeente over Agnietenpad
2026-01-13	240	eetcafe
2026-01-13	60	clean
2026-01-13	30	huiskamerconcert
2026-01-12	90	overleg gemeente over agnietenpad
2026-01-11	120	plinten tuig monteren
2026-01-11	120	Muurplinten plaatsen kamer Ellie met Vink
2026-01-11	15	zonnepanelen sneeuwvrij maken met Vink
2026-01-11	240	Eetcafe
2026-01-11	240	Eetcafe
2026-01-11	30	Controle ALV document
2026-01-11	30	OHC: Onderhoudsafspraak Eneco gemaakt
2026-01-08	240	Penningmeester administratie: administer factuuren, track forms, do klus boeten, make eindafrekening
2026-01-07	15	zonnepanelen sneeuwvrij maken
2026-01-07	60	Bestuursvergadering 
2026-01-06	300	Uitkering
2026-01-05	60	huiskamerconcert
2026-01-05	660	uren lenen Judit
2026-01-05	-660	Uren lenen aan Esmee
2026-01-05	60	wastafel fix
2026-01-04	90	douche ontschimmel
2025-12-31	-285	transfer to Laure
2025-12-31	285	Hours borrowed from Albertito
2025-12-30	180	plinten zagen tuig
2025-12-28	30	stopcontact fixen tuig
2025-12-28	60	plinten aanschaffen voor ellies kamer
2025-12-28	150	Kluskas, deco kast en beamer kamer opruimen en sorteren
2025-12-28	150	Gat in muur sterres kamer repareren en plinten vast zetten  
2025-12-21	90	Penningmeester mails, verklaring voor judit, en eindafrekeningen
2025-12-21	30	uiskamerconcert
2025-12-21	45	Huiskamer concert comms
2025-12-17	45	Penningmeester administratie
2025-12-17	0	Penningmeester administratie
2025-12-16	30	steiger opruimen
2025-12-15	90	Chrisdiner 
2025-12-15	90	NBC 
2025-12-15	60	NBC Ellie
2025-12-14	600	Uren lenen Esmee
2025-12-14	-600	Uren lenen Ben
2025-12-14	180	Feest shifts
2025-12-14	90	Huiskamerconcert
2025-12-14	30	prep contracts
2025-12-14	240	Christmas eetcafe cooking & prep
2025-12-14	180	xmas eetcafÃ© (prep n cleaning)
2025-12-14	180	Eetcafe: Kerst
2025-12-13	60	Elena (subletter) work at party and other occasions
2025-12-13	660	Borrowed from Julius
2025-12-13	-660	Lent to Clara
2025-12-13	150	Tuinsessie
2025-12-13	180	Tuinsessie
2025-12-13	180	tuinsessie
2025-12-13	180	Tuinsessie
2025-12-12	600	uitkering: emails, bank en beslissing
2025-12-12	60	Penningmeester mailen en UOT overleg
2025-12-11	90	UOT: Triodos contraccontrole
2025-12-11	180	Groen: Notulen vergaderingen ordenen
2025-12-10	60	Huiskamer concert com
2025-12-09	120	Penningmeester Work: Formulieren sorteren, follow up openstaande posten, factuuren betalen
2025-12-09	105	Eetcafe
2025-12-08	60	Brandmelders check bejaarden (replaced batteries) + cleanup hallway for access meterkast
2025-12-07	105	klussen: voegen verwijderen boven douche Kenau
2025-12-06	60	UOT: Toolbox Triodos + begroting toevoegen
2025-12-06	60	Groen: Nieuwe vragen aan gemeente
2025-12-04	60	Groen Nieuwelaan kaarten maken
2025-12-03	90	OHC: Bejaardenriool standby
2025-12-02	120	Klus: badkamer nerds
2025-12-02	120	nerds douche kitten maar ging mid dus hopelijk schrijf ik hier binnen een maand weer uren voor om het te fixen dit was echt een disproportioneel grote L maar we hebben onze best gedaan
2025-12-01	120	Klus: badkamer nerds
2025-12-01	120	nerds douche kitten
2025-12-01	540	Klusboete Q4 2025
2025-12-01	30	Klusboete Q4 2025
2025-12-01	60	Klusboete Q4 2025
2025-12-01	30	Klusboete Q4 2025
2025-12-01	90	OHC: Bejaarden rioolcheck en tekening
2025-12-01	120	Groen overleg met gemeente
2025-11-30	150	Klusdag 
2025-11-29	150	klusdag vlonders nerds
2025-11-29	315	Klusdag
2025-11-29	180	1/2 Klusdag 
2025-11-29	480	Klusdag
2025-11-29	420	Klusdag 29 Nov
2025-11-29	120	Klusdag 
2025-11-29	180	stucen beneden nerds
2025-11-29	300	klusdag
2025-11-29	300	klusdag: voegen verwijderen boven douche Kenau
2025-11-29	360	Klusdag
2025-11-29	60	UOT: Hoezo niet â‚¬1.300.000?
2025-11-28	90	Tuin klus dag 
2025-11-28	75	NBC Kees 1e gespr 
2025-11-28	60	first NBC talk Kees
2025-11-28	60	OHC: Overleg met Eline over vocht
2025-11-26	30	tuinvergaring
2025-11-26	30	tuinco n bestuur 
2025-11-26	30	tuinco x bestuur chat
2025-11-26	60	tuinco & bestuur chat
2025-11-26	60	TuinCo x Bestuur Chat
2025-11-26	30	UOT: Triodos contractcontrole
2025-11-25	240	voorstellen tuinco maken
2025-11-25	120	klussen: voegen verwijderen boven douche Kenau
2025-11-25	30	OHC: Overleg over doucheschade
2025-11-24	60	onderhoudscommissie -klusco overleg
2025-11-24	120	Klusdag voorbereiden
2025-11-24	60	klusco overleg
2025-11-24	120	klus committee meeting, preparing klusdag
2025-11-24	120	FeestCo Meeting and Wiki work
2025-11-24	60	OHC: Overleg met collega Eline over vocht
2025-11-22	180	bovenkeuken aanrecht
2025-11-18	90	Penningmeester Administratie
2025-11-18	120	Kluscommissie administratie/organisatie
2025-11-16	15	Kees Borrel Bodschappen
2025-11-12	180	Penningmeester werk
2025-11-10	30	UOT: Greenchoice uitzoeken
2025-11-09	60	Triodos responses
2025-11-07	45	Tuin groene aanslag
2025-11-07	30	OHC: Tabel en dak uitleggen
2025-11-06	90	Debiteuren follow ups
2025-11-06	60	OHC: Mail en overleg ventilatie
2025-11-05	75	tuinco meetig
2025-11-05	60	NBC Angelica
2025-11-05	60	TuinCo vergadering
2025-11-05	30	2e NBC talk Angelica 
2025-11-05	120	Feestcommissie afronding feest
2025-11-05	75	tuinco meeting
2025-11-05	180	OHC: Ventilatie uittekenen en tabel
2025-11-04	150	OHC: Ventilatie uittekenen
2025-10-30	30	Utikerings formulier sorteren
2025-10-26	180	Tuinsessie
2025-10-26	60	tuin
2025-10-26	360	Tuin
2025-10-26	180	bovenkeuken
2025-10-26	120	Tuinsessie 
2025-10-26	90	tuinsessie
2025-10-26	180	tuinsessie
2025-10-25	150	bovenkeuken
2025-10-24	120	Bovenkeuken 
2025-10-23	150	Begroting correctie, utikeringformulieren verwerken en corrigerde versies verstuuren
2025-10-23	30	UOT: Begroting controleren en ledenlijst doorsturen
2025-10-22	120	UOT: Begrotingscheck, foute contributieformule
2025-10-22	30	OHC: Verkeerde glaslat ontvangen
2025-10-21	180	Nieuwe huisgenoot email admin
2025-10-21	90	OHC: Ventilatiemensen rondje
2025-10-19	30	Deurveer vervangen
2025-10-19	270	Begroting finished, ALV prep, feest co discussie
2025-10-18	30	Notulen
2025-10-18	180	OHC: Glaslat tekenen en MJOP bijwerken
2025-10-17	120	OHC: Tweede helft onderhoud
2025-10-16	60	OHC: Glaszetters hier
2025-10-15	180	Penningmeester administratie, formulieren managen, klusuren bewerken
2025-10-15	30	OHC: Overleg over vochtschade en verzkeren
2025-10-13	150	onderhouds rondje, mjop, Lints ventilatie, rookmelders
2025-10-13	120	onderhoudsronde deel 1
2025-10-13	210	Begroting werk en uitkering formularen infos vergaderen
2025-10-13	150	OHC: Eerste ronde onderhoud
2025-10-12	45	feest schoonmaak
2025-10-12	60	OHC: MJOP10
2025-10-11	120	NWL feest opbouw
2025-10-09	330	RBG vraagen, uitkeringsspecificatie template maken, hilde over schulden vragen
2025-10-09	30	UOT: Tekst naar oud-leden controleren
2025-10-09	270	OHC: MJOP formule verbeterd (MOD neg en TODAY eruit)
2025-10-08	60	feestopruimings
2025-10-08	90	UOT: Taxatierapport gecontroleerd
2025-10-06	180	uitkering: mails schijven etc.
2025-10-05	210	Gekookt voor meeting + schoonmaak
2025-10-05	555	Feest op- en afbouw 
2025-10-05	240	feest cleanup
2025-10-05	180	party tear-down
2025-10-05	60	Party teardown
2025-10-05	240	Feest cleanup
2025-10-05	120	Feest cleaning
2025-10-05	30	UOT: Toolbox MJOP update
2025-10-04	240	feest build
2025-10-04	300	Party Deco and Prep
2025-10-04	120	Schoonmaak huisfeest 
2025-10-04	300	party prep
2025-10-04	300	Nieuwelaan party buildup
2025-10-04	240	feest, deco, spullen rondrijden etc etc.
2025-10-04	240	Nieuwelaanfeest setup and shifts
2025-10-04	120	Nieuwelaan feest prep
2025-10-03	90	Klusbuten halen en e-Herkenning inrichten
2025-10-03	45	Bier halen feest
2025-10-03	120	Party Prep
2025-10-03	120	Party deco
2025-10-03	240	Party prep
2025-10-03	120	Party clean up
2025-10-03	120	Transport geluid huisfeest
2025-10-03	240	feestvoorbereiding opruimen en tarpen
2025-10-03	240	Nieuwelaan feest voorbereiden met feestcommissie
2025-10-03	60	Feest prep
2025-10-02	30	Bestuur meeting
2025-10-02	120	UOT: Reflectie Voorrecht document
2025-10-01	30	Bestuur meeting
2025-10-01	60	Nieuwelaan party planning. E.g. reaching out to artists, making neighborhood letters and handing them out. 
2025-10-01	90	UOT: Schuld Douwe en Ruth uitrekenen
2025-10-01	30	OHC: Schilderwerk opleveren bejaarden
2025-09-30	240	Keukendeur bejaarden, afdichten , schuren, gronden. 
2025-09-30	120	Uren geleend liam
2025-09-30	-120	Uren geleend aan Koem
2025-09-30	195	Klusboete Q3 2025
2025-09-29	-1800	Incorrect entry 
2025-09-29	240	Schuren vullen verlijmen gat in de deur bejaarden 
2025-09-28	240	eetcafe door subrenter
2025-09-28	90	cvt dinge bekijken
2025-09-28	-105	transfer to Laure.
2025-09-28	105	Hours borrowed from Bernhard
2025-09-28	300	Party deco prep
2025-09-27	150	Begorting 2026
2025-09-27	45	Vergadering Lustrum
2025-09-27	240	EetcafÃ© met foodsharing
2025-09-26	90	UOT: Overleg met commissie
2025-09-26	120	OHC: Aan MJOP gewerkt (categroiÃ«n)
2025-09-26	90	Groen: Overleg bij Esmeralde
2025-09-25	120	Begroting en Factuuren Checken
2025-09-24	360	uitkering: prepare emails & docs
2025-09-24	30	UOT: Mails en documenten voorbereiden
2025-09-22	120	uitkering: voorbereiding juridisch toetsing
2025-09-22	30	Scaffold demounting
2025-09-21	180	Continued my klus work. Added new sealant to the Nerd bathroom
2025-09-21	30	Kasco slides voor ALV presentatie
2025-09-20	240	Klusdag
2025-09-20	315	Prepping, coordinating and leading Klusdag
2025-09-20	300	klusdag
2025-09-20	105	Leading Klusdag and documenting the progress in Klusco files (I did the math wrong, should have been a total of 7 hours)
2025-09-20	240	Klusdag 
2025-09-20	270	klusdag, hose fix, gipsum removal, kitchen door cleaning groundfloor, and rot / stuck check, clean up
2025-09-20	30	Lints ventilation round
2025-09-20	120	CV Ketel Maintenance + Meterkast check
2025-09-20	120	Klusdag
2025-09-20	300	Klusdag
2025-09-20	360	Klusdag
2025-09-20	240	klusdag
2025-09-20	300	Klusdag. Removed old sealant in one of the Nerd showers
2025-09-20	0	Klusdag. Removed old sealant in one of the Nerd showers
2025-09-20	240	Klusdag
2025-09-20	150	UOT: Ledenregister check en Vivi's schuld check
2025-09-20	90	OHC: Lints ventilatie rondleiden en opleveren Nerds L
2025-09-20	60	Kascoverslag
2025-09-19	60	ALV prep
2025-09-19	480	uitkering: voorbereiding ALB/ALV
2025-09-18	90	Klusco Meeting: Prepping for Klusdag
2025-09-18	60	Feest commissie vergadering + taakje
2025-09-18	120	Kluscommissie vergadering en voorbereiden klusdag
2025-09-18	90	Klus: muur kenaus
2025-09-18	60	Feest meeting
2025-09-18	60	feestco meet
2025-09-15	60	UOT: rondje met taxateur
2025-09-14	180	douchekraan kopen en vervangen
2025-09-13	30	Compost mixing 
2025-09-12	1800	Compost mixing
2025-09-12	210	UOT: Uitkeringsbeslissingendocument aanpassen
2025-09-11	1200	uitkering: voorbereiding ALB/ALV
2025-09-11	480	uitkering ALV
2025-09-11	60	Klus: gaatjes vullen kenau muuren
2025-09-09	210	Begroting and Leningen Work
2025-09-09	90	FeestCo meeting + research
2025-09-09	15	temp fix kenau tap
2025-09-09	120	UOT: Toolbox
2025-09-08	60	Jaarrekening werk
2025-09-08	240	gevel schoonmaken 
2025-09-08	90	gesprek met gemeente over agnietenpad
2025-09-08	240	facade schoonmaak, 1:5 rolith zuur, Myrthe/Angelia (1,5 verdieping)
2025-09-08	60	Feest commissie vergadering
2025-09-08	60	feestco meet
2025-09-08	60	UOT: Barry's contract uitzoeken
2025-09-08	90	Groen: Gesprek met gemeente
2025-09-08	90	gesprek gemeente agnietenpad
2025-09-07	30	OHC: Schilderwerk opleveren Nerds R
2025-09-06	105	Bestuur vergadering
2025-09-06	105	Bestuur meeting
2025-09-05	30	UOT: Rente vs inflatie
2025-09-04	150	feest planning + meeting
2025-09-02	60	Feest commissie vergadering
2025-09-02	60	feestco meet
2025-09-01	210	Penningmeester Administratie
2025-09-01	120	Bernhard helpen schilderklus 
2025-09-01	480	diverse: ventilatie/rolith fixen, rolith toepassen 1:10/1:5 twee keer, angelica deur, glaszetter begeleid
2025-09-01	0	Klusboete Q3 2025
2025-09-01	240	Klusboete Q3 2025
2025-09-01	720	Klusboete Q3 2025
2025-09-01	0	Klusboete Q3 2025
2025-09-01	180	Klusboete Q3 2025
2025-09-01	135	Klusboete Q3 2025
2025-09-01	390	Klusboete Q3 2025
2025-09-01	0	Klusboete Q3 2025
2025-09-01	-180	correctie klusboete Q3 2025
2025-09-01	240	UOT: Historische rente uitzoeken
2025-08-31	210	Feest Co Werk
2025-08-31	120	Eetcafe
2025-08-31	180	Eetcafe 31 Aug
2025-08-31	60	Kascontrole 
2025-08-31	180	UOT: Discussie over jaarrekening en statuten
2025-08-31	120	Kasco: Nog een aanvullingenmail V5
2025-08-30	330	Tuin: tuinklusdag
2025-08-30	300	Tuinklusdag
2025-08-30	180	Tuinklusdag 
2025-08-30	240	Tuindag - klussen, lunch maken voor de groep en veel meer!
2025-08-30	420	tuinkast
2025-08-30	120	gardening by subrenter
2025-08-30	150	tuinklusdag + meeting before
2025-08-30	180	Tuinklusdag 30 Aug
2025-08-30	300	klussen tuinklusdag buitenkast stabiliseren
2025-08-30	570	OHC: Met Ramses MJOP doornemen
2025-08-30	150	UOT: Discussie over jaarrekening en statuten
2025-08-28	180	UOT: Toolbox, visies Kees en Ramses toegevoegd
2025-08-27	60	Koelkast 
2025-08-27	30	Tuin: tuinco vergadering
2025-08-27	60	Tuincommissie meeting: preparing for tuindag
2025-08-27	180	UOT: Discussie met ChatGPT over werkkapitaal
2025-08-24	30	Toolbox
2025-08-23	60	ventilatie bedrijf Lieshout bezoek 
2025-08-20	30	OHC: Cementsluierspul uitzoeken
2025-08-18	90	Jaarrekening + Uitkering = ðŸ˜­
2025-08-15	240	eetcafe door onderhuurder
2025-08-14	90	tuinco vergadering
2025-08-14	60	Factuuren Betaalen
2025-08-14	120	Hulp eetcafe Alejandra op 14.08
2025-08-14	30	UOT: Discussie over devaluatie als gevolg van inflatie
2025-08-13	30	UOT: Mails naar boekhouder reviewen
2025-08-12	60	Kasco lange mail van boekhouder
2025-08-10	150	Eetcafe with Koen
2025-08-10	60	cleaning bedroom skylight 
2025-08-10	30	Kasco mail naar penningmeester
2025-08-09	90	garden tool repair
2025-08-09	30	OHC: Schilderovereenkomst gecheckt
2025-08-08	75	Tuin: Vergadering + Kompost
2025-08-08	60	Tuin committee meeting
2025-08-08	60	TuinCo meeting
2025-08-06	30	OHC: Zoom over schildervoorwaarden
2025-08-05	120	UOT: Toolbox nieuw MJOP
2025-08-05	30	OHC: Contact met Erik over cementsluier
2025-08-05	60	Kasco v5
2025-08-04	90	Kasco mail aan penningmeester over v5
2025-08-03	60	UOT: Overleg over onderhoudsreserve
2025-08-02	180	toilet
2025-08-02	240	painting Nerdhuis kitchen plinths
2025-08-01	180	vochtmetingen muren ventilatie problematiek
2025-08-01	270	OHC: Vochmeting en tekening
2025-07-31	75	Penningmeester Administratie
2025-07-31	90	Kasco werkkapitaal overleggen
2025-07-30	30	UOT: Toolbox Update jaarverslag
2025-07-29	90	cvt
2025-07-29	30	Kasco: Antwoord eigen boekhouder
2025-07-28	120	gardening
2025-07-28	120	UOT: Overleg Teams met Triodos
2025-07-27	45	Penningmeester Administratie
2025-07-27	60	notulen
2025-07-27	60	minor work two kitchens
2025-07-26	30	Onkruid wieden
2025-07-26	150	sanding Nerdhuis kitchen plinths
2025-07-26	120	Kasco opzet verslag
2025-07-25	30	UOT: Eerste aanbod Triodos
2025-07-25	90	Kasco: Mail met vragen naar eigen boekhouder
2025-07-24	300	bestuur: uitkering
2025-07-24	240	ventilatie bedrijven benaderen, bellen mailen, onderzoek
2025-07-24	30	UOT: Contact met James over Milan
2025-07-19	90	feest planning
2025-07-18	60	Nbc
2025-07-18	60	NBC
2025-07-16	60	NBC Angelica 
2025-07-12	135	Tuin planteneiland en gras 
2025-07-12	120	Penningmeester Administratie
2025-07-11	90	Stukken Angelicas Kamer
2025-07-11	120	stucen koof kamer eve
2025-07-11	120	voorbereidingen stuccen en boodschappen voor klusco
2025-07-11	30	OHC: Kamer AngÃ©lica
2025-07-10	120	gipsplaat op koof, voorbereiden stukken
2025-07-08	120	klusboodschalppen, koof isoleren
2025-07-08	540	UOT: Toolbox
2025-07-08	30	OHC: Kamer Eve/Myrthe opleveren
2025-07-07	90	Klusdag (Draining and cleaning the CV kettle bij de Nerds)
2025-07-07	45	brandmelders
2025-07-06	270	klusdag - muur, cv, hulp
2025-07-05	-1770	klusadg meeting correctie
2025-07-05	90	klusdag
2025-07-05	210	klusdag
2025-07-05	210	klusdag
2025-07-03	90	ophalen kurkvloer Den Haag
2025-07-02	1800	klusadg meeting
2025-07-01	120	 Bouwen planteneiland
2025-06-30	270	borrowed from Bart
2025-06-30	-270	lend hours to Alecs
2025-06-30	300	bestuur: uitkering
2025-06-29	30	tuin
2025-06-29	30	ladder
2025-06-29	60	site
2025-06-29	180	Bestuur CvT meeting + cooking
2025-06-29	60	OHC: Overleg bij nerds
2025-06-28	150	Hout zagen, rot verwijderen, voorbehandelen
2025-06-28	90	UOT: Overleg
2025-06-27	180	uitkering: voorbereiden aanvraag Triodos
2025-06-27	180	uitkering: beslissingsvoorstel
2025-06-27	60	terrazzo wax en ophalen
2025-06-27	45	fixing staircase railing
2025-06-27	30	OHC: Spreadsheet schilderwerk offertes
2025-06-26	120	Keukendeur voorbereiding materiaal bestellen tutorials etc
2025-06-26	180	Kasco
2025-06-25	60	terrazzo polijsten
2025-06-25	60	UOT: Discussie over modellen
2025-06-23	90	Kascontrole 
2025-06-23	120	visualisaties zonwering
2025-06-23	150	Kasco met Chris
2025-06-22	60	zonnepanelen
2025-06-22	240	Eetcafe organiseren en koken
2025-06-20	30	UOT: Presentatie cnotroleren
2025-06-19	90	Jaarrekening
2025-06-19	60	Maandelijkse administratie
2025-06-18	30	tekeningen terrazzo 
2025-06-18	900	bestuur: voorbereiding ALV
2025-06-18	60	Burendag: opbouw & afbouw
2025-06-18	-60	correctie burendag
2025-06-17	0	Final communication with instemming candidates. And writing heart felt rejection letters. :(
2025-06-17	30	Final communication with instemming candidates. And writing heart felt rejection letters. :(
2025-06-17	30	Burendag financiÃ«n afgehandeld
2025-06-17	180	UOT: Simulaties analyseren
2025-06-16	90	feest poster deel 2
2025-06-16	0	Replying to instemming candidates
2025-06-16	30	Replying to instemming candidates
2025-06-15	120	Burendag boodschappen gedaan
2025-06-13	30	tomaello terrazzo sample ophalen 
2025-06-13	30	Burendag flyeren en gaspit testen
2025-06-13	30	UOT: Triodos voorstel gelezen
2025-06-12	240	Jaarrekening
2025-06-12	90	CVT
2025-06-10	120	tomaello bezoeken voor terrazzo bovenkeuken
2025-06-09	90	burendag vergadering
2025-06-09	60	notulen
2025-06-09	90	Burendag overleg
2025-06-06	1200	uitkering: ALB voorbereiden
2025-06-06	1800	uitkering: beslissingsvoorstel
2025-06-05	690	UOT: Toolbox eindbeslissing checken en overleg
2025-06-04	150	UOT: Toolbox
2025-06-03	90	UOT: Spel- en taalfouten corrigeren
2025-06-02	90	Bestuur meeting
2025-06-02	90	Bestuursvergadering
2025-06-02	60	bestuur: vergadering
2025-06-02	570	UOT: Toolbox intro herschijven, dashboard verbeteren en ALB teksten controleren
2025-06-01	120	Klusboete Q2 2025
2025-06-01	480	Klusboete Q2 2025
2025-06-01	120	UOT: Beslissingsdocument lezen
2025-05-31	120	Feest opbouw
2025-05-30	240	Feest opbouw
2025-05-30	240	camping trip
2025-05-29	240	campingtrip regellen+inpakken enzo
2025-05-29	60	Feestcommittee meeting
2025-05-28	60	Feest vergadering
2025-05-28	60	Feest commissie budget afronden
2025-05-28	60	Burendagoverleg
2025-05-25	210	NWL feest afbouwen
2025-05-25	180	Feest build down
2025-05-25	60	opruimen feest
2025-05-25	120	Feest afbouwen
2025-05-25	120	Party builddown
2025-05-25	90	Feest afbouw
2025-05-25	240	feest afbouw
2025-05-25	120	party afbouw
2025-05-25	240	cleaning up after Nieuwelaan feest
2025-05-25	30	OHC: Overleg over verzekering
2025-05-24	300	Opbouw feest 
2025-05-24	60	Worshop Nieuwelaanfeest Jongleren
2025-05-24	210	NWL feest opbouwen
2025-05-24	240	Filmmaking workshop + editing dj visuals
2025-05-24	120	Feest build up
2025-05-24	240	Feest opbouwen
2025-05-24	240	Party buildup and getting more foods
2025-05-24	240	feest opbouw+apparatuur halen
2025-05-24	240	nieuwelaan party cooking, door shift, preparation and cleaning
2025-05-23	120	Feest build up
2025-05-23	240	feest opbouw ed
2025-05-23	120	Huisfeest opbouwen
2025-05-22	0	Responding to instemming candidates and scheduling dinners
2025-05-22	120	CvT Mail - Jaarrekening
2025-05-22	60	NWL Feest 
2025-05-22	180	Party preparations, buying foods and drinks
2025-05-22	210	feest opbouw ed
2025-05-22	90	UOT: Toolbox aflossingsvrij
2025-05-21	300	bestuur: voorbereiding ALV
2025-05-21	300	UOT: Toolbox
2025-05-21	30	OHC: Rondje met Riboglas
2025-05-20	60	NBC
2025-05-20	60	NBC Alejandra 
2025-05-20	60	NBC Alejandra
2025-05-20	30	UOT overleg
2025-05-20	30	OHC: Rondje met CVJ totaalglas
2025-05-19	120	Kascontrolecommissie 
2025-05-19	60	notulen
2025-05-19	120	KasCo meeting
2025-05-19	210	Kasco: Overleg met penningmeester
2025-05-18	0	Scheduling dinners for instemming
2025-05-18	30	Scheduling dinners for instemming
2025-05-17	300	tuinklusdag
2025-05-17	300	bestuur: uitkering
2025-05-17	0	Responding to instemming candidates and scheduling dinners
2025-05-17	180	Responding to instemming candidates and scheduling dinners
2025-05-17	360	UOT: Toolbox
2025-05-16	90	FeestCo 
2025-05-16	120	Huiskamerconcertoptuigenis
2025-05-16	30	Compost mixing
2025-05-16	240	Party buildup
2025-05-15	60	Nieuwelaan party planning. Reaching contacting musicians, printing and distributing neighborhood letters, creating party budget, ordering and picking up beers
2025-05-15	-180	Hours returned to bart
2025-05-15	180	Hours returned to Bart from Emil
2025-05-15	540	Jaarrekening review
2025-05-15	60	Penningmeester administratie
2025-05-15	60	Feest meet
2025-05-15	120	burendag vergadering
2025-05-15	60	Feest commissie vergadering + taakje
2025-05-15	120	Burendagoverleg en boodschappenlijst
2025-05-15	300	UOT: Tekst controleren en toolbox
2025-05-15	60	Kasco antwoorden Jannes
2025-05-14	330	UOT: Toolbox stresstests bestuderen en verwerken
2025-05-13	60	Feest langs bij buren
2025-05-13	30	UOT: Toolbox - 37.000 runs imuleren
2025-05-12	0	Organising instemming applicants into document and printing the letters for nerds to read and vote
2025-05-12	135	Organising instemming applicants into document and printing the letters for nerds to read and vote
2025-05-12	510	UOT: Toolbox output aan rekenblad koppelen
2025-05-11	90	blokkenschema maken feest
2025-05-11	90	mailen+voorbereidingen campingtrip
2025-05-11	0	Responding to instemming candidates
2025-05-11	195	Responding to instemming candidates
2025-05-11	330	UOT: Toolbox hypotheek verwerkt
2025-05-09	300	UOT: Toolbox
2025-05-08	270	UOT: Toolbox
2025-05-07	120	burendag vergadering
2025-05-07	120	Burendagoverleg
2025-05-07	90	UOT: Hypotheekmodel gemaakt voor reset
2025-05-06	240	Eetcafe
2025-05-06	240	Eetcafe
2025-05-06	480	UOT: Toolbox
2025-05-05	330	OUT Toolboxes quickfixus repareren
2025-05-04	0	Re-writing and posting nieuwelaan ad on woongroep.net
2025-05-04	60	 Re-writing and posting nieuwelaan ad on woongroep.net
2025-05-03	300	Tuinklusdag
2025-05-03	240	Tuin Klusdag met koken 
2025-05-03	150	Tuindag
2025-05-03	300	Tuindag + prep
2025-05-03	45	gardening session
2025-05-02	180	kattenluik beunen
2025-05-01	510	tuinklussen
2025-04-30	60	wubben schilder offerte ontvangen
2025-04-30	180	 tuinklussen
2025-04-30	60	OHC: Schilderoffertes vergelijken
2025-04-29	30	Compost mixing
2025-04-29	390	UOT: Toolbox
2025-04-28	60	Feest commissie vergadering + taakje
2025-04-27	75	Opruimen HKC 
2025-04-27	120	Hkc opruimen 
2025-04-26	90	Woonkamerconcert: opruimen
2025-04-26	60	Huiskammerconcert cleaning up
2025-04-25	60	Building up Huiskamerkonzert
2025-04-25	60	Barshift Concert
2025-04-25	195	Peeningmeester Administratie
2025-04-25	240	Huiskamerconcert: photography + editing
2025-04-25	45	Huiskamer concert: bar shift
2025-04-25	240	Opbouw HKconcert
2025-04-25	150	Huiskamerconcert hulp
2025-04-25	60	nwl uitje
2025-04-25	120	bestuur: voorbereiding ALV
2025-04-25	300	UOT: email oud-leden, formulier, struktuur beslissing, toolbox
2025-04-25	480	Huiskammerconcert setup, groceries and drinks, cooking
2025-04-25	540	huiskamerconcert op- afbouw en alles
2025-04-25	75	feest
2025-04-25	240	Huiskamer concert bouwen
2025-04-25	240	huiskamer concert cooking, serving and preparation
2025-04-24	60	Feestcommittee meeting
2025-04-24	60	feestcom
2025-04-24	60	Feestco meet
2025-04-24	60	Feest commissie vergadering + taakje
2025-04-23	60	notulen
2025-04-21	30	Burendag notulen gemaakt
2025-04-21	270	UOT: Toolbox verkoopjaar
2025-04-20	570	UOT: Toolbox
2025-04-19	60	NBC Sjoerd 
2025-04-18	60	NBC Sjoerd
2025-04-18	60	NBC talk (Sjoerd)
2025-04-18	210	UOT: Toolbox
2025-04-17	60	bovenkeuken terrazzo contact
2025-04-17	60	huiskamerconcert
2025-04-17	30	HR art 15 afmaken
2025-04-16	30	Kasco: Eerste vragen naar JAnnes
2025-04-15	180	HR discussies
2025-04-15	90	Burendag meeting
2025-04-15	30	Compost mixing
2025-04-15	90	Burendagoverleg bij Pietro
2025-04-15	120	OHC: Rondje met Feenstra
2025-04-14	180	Artikel 15 aanpassen
2025-04-14	60	Kascontrole 
2025-04-14	60	voortuin pad opnieuw tegelen
2025-04-14	90	UOT overleg
2025-04-14	480	Kasco
2025-04-13	120	nwl uitje
2025-04-13	150	poster feest
2025-04-13	-105	uren terug michiel
2025-04-13	105	terug van Esmee
2025-04-12	30	Kamer opleveren Liam > Alberto
2025-04-12	15	wijzonol afspraak/Ribo glas/ramen nalopen/informeren AZ schilders over aanpassingen
2025-04-12	60	OHC: Kamer Liam > Alberto
2025-04-09	90	bovenkeuken afzuigkap, test bamboe blad, check oplossing hoek
2025-04-09	360	Schilders ontvangen/overleg, keuken bouw/afzuigkap/lijmtestjes/opruimen
2025-04-09	30	Compost mixing
2025-04-09	60	Feestcommittee meeting
2025-04-09	120	OHC: Rondjes met AZ en met Leertouwer
2025-04-09	240	Kasco uitpluizen
2025-04-07	60	Groen: Krtiek Floris in boekwerk verwerkt
2025-04-05	120	Tuin: tuinsessie
2025-04-05	150	tuinsessie
2025-04-05	120	Tuinsessie
2025-04-05	240	Groen: Agnietenpad boekwerk
2025-04-04	30	OHC: Overleg met Eline over vocht
2025-04-04	60	Groen: Overleg met Floris
2025-04-02	60	Feest meeting
2025-04-01	600	UOT: Toolbox spelen
2025-03-31	210	Kascontrole 
2025-03-31	120	2 x vergadering. 
2025-03-31	105	Uren lenen Michiel
2025-03-31	-105	Lenen aan Esmee
2025-03-31	120	Tuinco - Ping pong tafel ophalen
2025-03-31	60	OHC: Met dakdekker dak op
2025-03-31	300	Kasco: JVS v3
2025-03-31	120	Groen: Boekwerk inventarisatie
2025-03-30	120	Huiskammerconcert Flyers
2025-03-29	180	Hours borrowed from Bart
2025-03-29	-180	Hours borrowed by Emil 
2025-03-29	60	NBC Alberto 
2025-03-27	30	Verzekeraar, schade opnemen met onafhankelijke partij CED/Gorkom
2025-03-27	90	NBC Check-in
2025-03-27	180	Keuken 2e helpen afzuiging, tafel lijm test, opruimen
2025-03-27	60	NBC meet-up 
2025-03-27	90	NBC checkin 
2025-03-27	90	NBC check-in
2025-03-27	120	keuken 2e afzuiging, tafel lijm test, opruimen
2025-03-27	60	OHC: Verzekeraar komt langs
2025-03-26	165	Trap tuig afmaken monteren
2025-03-26	60	FeestCo 
2025-03-26	60	Huiskammerconcert
2025-03-26	60	Huiskamerconcertmeeting 
2025-03-26	60	feestcommissie meeting
2025-03-26	60	Feest meeting
2025-03-26	420	UOT: Toolbox
2025-03-25	120	Tuincommissie: Voorstel Ping-pong tafel schrijven 
2025-03-25	390	UOT toolboxen vergelijken
2025-03-24	150	Eetcafe
2025-03-24	90	Installed a new stair railing for tuig
2025-03-24	30	HR 15 editten
2025-03-24	360	UOT: Toolbox Dashboard gemaakt
2025-03-23	210	UOT: AR de Brons gesprek
2025-03-21	45	Administratie
2025-03-21	90	Installed shelves at the nerd kitchen
2025-03-21	30	Mixed the compost
2025-03-21	150	nerdkeukenklussings
2025-03-21	90	UOT: Tweede gesprek met Triodos
2025-03-20	180	bovenkeuken blad bijstellen, tussenstuk
2025-03-20	240	Keuken werkzaamheden. Keuken blad verder afmaken en optimaal steunen en plaatsen.
2025-03-20	195	Hout halen en zagev voor trap tuig
2025-03-19	90	Houtwerk in de olie gezet en beslag gehaald
2025-03-19	480	UOT: Toolbox
2025-03-18	180	Keuken bouw. Blad zagen en steun balken meten en plaatsen.
2025-03-18	180	bovenkeuken blad rechts op maat en constructie 
2025-03-17	150	Administratie en Jaarrekening
2025-03-17	60	Huiskamerconcertcommissie
2025-03-17	60	Huiskamerconcertmeeting 
2025-03-17	60	HR art 15 review
2025-03-17	30	UOT: Overleg met Julius
2025-03-16	30	Deurveren beamerkamer 
2025-03-16	90	Regelement schrijven art. 15
2025-03-16	120	Plan for nwl kitchen renovation 
2025-03-15	360	Klusdag 
2025-03-15	240	klusdag bovenkeuken
2025-03-15	60	Zonneplanelen schoonmaken
2025-03-15	45	Douche ontschimmelen
2025-03-15	90	klusdag
2025-03-15	420	Klus dag, balkons schoon maken onder vlonders, rookmelder check, houtenvloer verplaatsen. Keuken opruimen.
2025-03-15	150	bovenkeuken inmeten, plan vloer, offerte aanvraag, opruimen
2025-03-15	-150	oeps klusdag dubbel
2025-03-15	240	Klusdag
2025-03-15	120	Klusdag 
2025-03-14	45	Tuinco prep ALV
2025-03-14	60	UOT: gesprek met GLS
2025-03-14	120	bestuur: ALV voorbereiden
2025-03-14	60	OHC: emails and taken
2025-03-14	180	Klusdag
2025-03-14	60	UOT Gesprek met GLS
2025-03-13	60	feestcom
2025-03-13	60	Huiskammerconcert meeting
2025-03-13	60	Feest commissie vergadering
2025-03-12	30	Rekening administratie
2025-03-12	60	Klusco werksessie
2025-03-12	240	Keuken verstevigen
2025-03-12	90	Tuinco meeting
2025-03-12	90	Tuin: TuinCo vergadering
2025-03-12	60	Vergadering tuincommissie
2025-03-12	60	Tuinco Vergadering
2025-03-12	480	UOT Toolbox
2025-03-11	150	OHC: Deurenoverzicht tekenen voor klusco
2025-03-10	150	organize a dishwasher
2025-03-10	60	dishwasher
2025-03-10	60	klusco vergadering
2025-03-10	120	klusco werksessie
2025-03-10	120	Klusco - Klusdag voorbereiding co-working
2025-03-10	30	OHC: Contact met Feenstra, ventilatie
2025-03-09	60	Tuin: Gamma en kluskast hangers afmaken
2025-03-09	75	Jaarrekening
2025-03-09	60	Lunch 8kv
2025-03-09	60	Lunch 8kv
2025-03-09	180	pancake eetcafe
2025-03-09	240	Brunch eetcafe
2025-03-08	120	huiskamerconcert
2025-03-08	30	Kasco: Toegestuurde documenten lezen
2025-03-05	90	Groen: Overleg bij Pietro
2025-03-04	540	Toolbox
2025-03-03	60	Rekeningen betalen
2025-03-02	60	Gamma kitchen, + door
2025-03-01	0	Klusboete Q1 2025
2025-03-01	270	Klusboete Q1 2025
2025-02-28	120	2e keuken, opruimen en keuken blad aanpassen en lijmen
2025-02-28	60	Contact schilders bedrijven/duwo 
2025-02-28	120	Bovenkeuken Nerds
2025-02-28	60	kÃ¼che
2025-02-28	135	nerdkeuken klussen
2025-02-25	120	Jaarekening Administratie
2025-02-24	150	tuindag; snoeien en ruimen
2025-02-24	60	feest commissie meeting
2025-02-24	240	tuindag
2025-02-24	45	husikamerconcert
2025-02-24	780	Klussen bovenkeuke
2025-02-24	60	cvt stuff finding member explain stuff
2025-02-24	60	gamma boodschappen bovenkeuken
2025-02-23	30	OHC Schilderbrief reviewen
2025-02-22	45	gat in plafond dichtmaken
2025-02-22	120	bestuur: ALV voorbereiden
2025-02-20	60	nbc overleg
2025-02-20	60	NBC overleg
2025-02-20	60	NBC Overleg
2025-02-20	30	OHC Schildersheet aanpassen
2025-02-19	120	Feestkast documenteren en wiki updaten
2025-02-19	-1800	MISTAKE
2025-02-19	360	Jaarrekening
2025-02-19	60	Klusco Vergadering
2025-02-19	60	Feest commissie vergadering + taakje
2025-02-18	60	kluscommissievergadering
2025-02-18	240	Jaarrekening en Administratie
2025-02-18	60	HR artikel doorverhuizen
2025-02-17	30	nerdkeukenfilosofaties
2025-02-17	0	oeps
2025-02-17	1800	Ben NBC talk
2025-02-17	30	Ben NBC talk 
2025-02-17	60	NBC Talk Ben
2025-02-17	120	plan bovenkeuken + bestellijst
2025-02-17	60	Movie night Shrek 3 organisation
2025-02-17	30	OHC: Weer contact ASR
2025-02-15	90	NBC mediation 
2025-02-13	90	Jaarrekening Werk
2025-02-13	60	Feestco tasks. Inventorized the party equipment that we have at the Nieuwelaan
2025-02-11	60	bestuur: vergadering
2025-02-11	120	Groen: Overlet met gemeente
2025-02-09	30	Tuinklusdag voorbereiden
2025-02-08	330	tuinklusdag
2025-02-08	300	snoeien tuinklusdag
2025-02-08	360	Tuinklusdag
2025-02-08	360	Tuinklusdag gezellig!
2025-02-08	240	Tuindag 
2025-02-08	240	Tuinklusdag werken 
2025-02-08	240	Tuindag
2025-02-08	240	Tuinklusdag
2025-02-08	30	UOT: Document GLS en Triodos controleren
2025-02-07	90	Inspectie BG deuren ramen
2025-02-07	60	UOT: Eerste gesprek met Triodos
2025-02-07	30	OHC: Contact met ASR over vocht
2025-02-06	60	NBC mediation
2025-02-06	30	compost werken
2025-02-05	60	Feest commissie vergadering + taakje
2025-02-05	60	Feestverga 2 feesten par jaar!?
2025-02-05	90	Feestcommittee meeting
2025-02-05	30	UOT: Tekst planning conctroleren
2025-02-04	60	NBC mediation
2025-02-03	45	TuinCo - Bestuur Vergadering
2025-02-03	360	Keukenblad installeren 
2025-02-03	60	Tuinco - bestuur vergadering
2025-02-02	180	Eetcafe pannenkoeken
2025-02-02	90	UOT: Document Triodos controleren
2025-02-01	270	Penningmeester Administratie
2025-02-01	120	OHC: emails and taken
2025-02-01	180	bestuur: voorbereiding Triodos gesprek
2025-02-01	390	OHC: Werksessie vloeren, ramen, offertes
2025-01-31	150	UOT: Overleg over Triodos
2025-01-30	90	OHC: Overleg bij tuig
2025-01-29	120	bestuur: voorbereiding ALV
2025-01-29	90	ALV voorbereiden
2025-01-29	60	OHC: Warmtescans
2025-01-28	90	MJOP
2025-01-27	90	NBC met bestuur 
2025-01-27	90	NBC + bestuur
2025-01-27	90	NBC + bestuur
2025-01-27	90	nerdkeukendeurtjes uitpuzzelen
2025-01-27	60	bestuur: gesprek NBC
2025-01-27	60	bestuur: gesprek OHC
2025-01-27	90	NBC & bestuur meeting
2025-01-27	120	NBC meeting
2025-01-27	240	UOT: Toolbox leningen
2025-01-27	60	OHC: Gesprek met bestuur
2025-01-26	150	tuin hulp, blad/afval ruimen
2025-01-26	240	Pre-tuin dag
2025-01-26	180	bestuur: ALV voorbereiden
2025-01-26	60	NBC Sebastian & Meryem (Nerds subrenters)
2025-01-26	480	UOT: Longread geschreven en samengevat
2025-01-25	180	Make beamerkammer pretty(er)
2025-01-25	60	OHC: Kamers Nata > Judit > Liam opleveren
2025-01-24	120	NBC meeting 
2025-01-24	60	NBC meeting
2025-01-24	30	Movie prep
2025-01-24	120	NBC meeting + talk 
2025-01-24	120	NBC meeting + talk 
2025-01-23	240	bestuur: voorbereiding ALV
2025-01-23	420	Groen: Nov - Jan 4x overleg
2025-01-23	30	Groen: Flyers nieuwsbrief rondbrengen
2025-01-23	450	Kasco: Nov - Jan
2025-01-23	780	OHC: Nov - Jan CV ketel bejaarden
2025-01-23	150	OHC: Detail getekend vloer
2025-01-23	210	OHC: Nov - Jan Onderhoudsrapport en MJOP
2025-01-23	210	OHC: Nov - Jan Overig
2025-01-23	90	Mail schrijven aan makelaar over 5:50 BW
2025-01-23	450	UOT: Nov - Jan Advies inwinnen
2025-01-23	720	UOT: Nov - Jan Toolbox
2025-01-23	600	UOT: Nov - Jan ALV/ALB voorbereiden
2025-01-22	60	Feest commissie
2025-01-22	180	Eetcafe
2025-01-22	60	Feestcommissie 
2025-01-21	60	buurborrel vergadering
2025-01-21	60	laga borrel verga
2025-01-20	150	Preparing pre-tuin ALB
2025-01-19	30	Afvoer boven Kenau schoonmaken
2025-01-19	90	Eetcafe
2025-01-19	120	Eetcafe
2025-01-18	45	NBC
2025-01-18	120	Bestuur: vergadering
2025-01-18	0	Bestuur meeting
2025-01-18	120	Bestuur meeting
2025-01-18	60	NBC meeting
2025-01-18	120	Bestuur meeting
2025-01-17	210	Administratie
2025-01-17	90	NBC mediation 
2025-01-17	60	NBC
2025-01-17	90	NBC mediation
2025-01-15	60	Tuinco meeting
2025-01-15	60	Vergadering tuincommissie
2025-01-15	60	Tuinkomissie Vergadering
2025-01-12	120	jaarverslag, commissies
2025-01-12	120	inspecties lekkage en contact met reparatiebedrijven
2025-01-11	15	Tuin: Compost
2025-01-11	180	muren dichmaken (na vervanging CVafvoer)
2025-01-08	120	klusdag
2025-01-08	180	bestuur: uitkering, commissies
2025-01-08	480	organisatie instemming rondes april 25
2025-01-05	-600	terug naar Michiel
2025-01-05	600	geleend aan Esmee
2025-01-05	60	Vergadering feestco
2025-01-04	300	ALB voorbereiden
2025-01-02	60	lek dichten bejaardenafvoer